0,1,2,3,4,5,6,7,8,9,10,11,12,13,14,15,16,17,18,19,20,21,22,23,24,25,26,27,28,29,30,31,32,33,34,35,36,37,38,39,40,41,42,43,44,45,46,47,48,49,50,51,52,53,54,55,56,57,58,59,60,61,62,63,64,65,66,67
0.0,,,,,,,,,,,,,,,,,,,,,,,,,,,,,,,,,,,,,,,,,,,,,,,,,,,,,,,,,,,,,17.001838135919304,11.78030178747903,17.01215051973508,14.569145479402698,4.152697672499609,13.376799897965284,0.0
,0.0,8.06225774829855,,,,,,,,,,,,,,,,,,,9.899494936611665,,,,6.082762530298219,,,,,,,,,,,,,,,,,,,,,7.615773105863909,,,,,,6.4031242374328485,,,,,,,3.605551275463989,0.0,4.697073557013984,,,,,,
,8.06225774829855,0.0,,,,,,,,,,,,,,,,,,,3.0,,,,3.1622776601683795,,,,,,,,,,,,,,,,,,,,,1.0,,,,,,2.0,,,,,,,8.602325267042627,8.06225774829855,3.400367627183861,,,,,,
,,,0.0,,,,12.206555615733702,5.385164807134504,4.123105625617661,,,10.198039027185569,,,,,,,,13.601470508735444,,,6.082762530298219,,,,1.0,,,,5.0,,6.082762530298219,,,16.1245154965971,,,,,10.198039027185569,,,,,,,,,,,,,,10.04987562112089,,13.601470508735444,,,,,6.306782872755461,,,,,
,,,,0.0,,,,,,,,,,,,2.0,12.0,,,,,,,15.0,,1.0,,,,8.94427190999916,,,,,13.0,,,11.704699910719626,,10.04987562112089,,,12.206555615733702,,10.770329614269007,,,,10.0,,12.165525060596439,,2.23606797749979,,,,,,,,,,7.7080000847251195,,,,
,,,,,0.0,,,,,6.708203932499369,7.0710678118654755,,,6.324555320336759,,,,,,,,,,,,,,5.830951894845301,,,,,,2.0,,,,,3.605551275463989,,,11.40175425099138,,,,,9.486832980505138,,,,,,,3.1622776601683795,,,,,,,,,,4.130375285612678,,,
,,,,,,0.0,,,,,,,8.246211251235321,,,,,5.0990195135927845,,,,4.47213595499958,,,,,,,,,,,,,,,,,,,,,,2.23606797749979,,,,,,10.0,,,,,,7.211102550927978,,,,,,,,,3.133101742780187,,
,,,12.206555615733702,,,,0.0,16.97056274847714,15.556349186104045,,,9.0,,,,,,,,4.242640687119285,,,15.811388300841896,,,,13.038404810405298,,,,13.038404810405298,,8.94427190999916,,,10.816653826391969,,,,,5.0,,,,,,,,,,,,,,8.0,,15.033296378372908,,,,,9.269216112861907,,,,,
,,,5.385164807134504,,,,16.97056274847714,0.0,1.4142135623730951,,,12.36931687685298,,,,,,,,17.4928556845359,,,3.1622776601683795,,,,5.0990195135927845,,,,5.0990195135927845,,8.94427190999916,,,18.24828759089466,,,,,13.892443989449804,,,,,,,,,,,,,,12.649110640673518,,13.341664064126334,,,,,8.891637896911677,,,,,
,,,4.123105625617661,,,,15.556349186104045,1.4142135623730951,0.0,,,11.180339887498949,,,,,,,,16.1245154965971,,,2.8284271247461903,,,,4.0,,,,4.0,,7.615773105863909,,,17.11724276862369,,,,,12.529964086141668,,,,,,,,,,,,,,11.40175425099138,,12.649110640673518,,,,,7.5916172889065265,,,,,
,,,,,6.708203932499369,,,,,0.0,4.123105625617661,,,5.0,,,,,,,,,,,,,,6.082762530298219,,,,,,5.0,,,,,10.0,,,5.0,,,,,6.708203932499369,,,,,,,9.219544457292887,,,,,,,,,,3.9824615503479746,,,
,,,,,7.0710678118654755,,,,,4.123105625617661,0.0,,,1.4142135623730951,,,,,,,,,,,,,,2.8284271247461903,,,,,,5.0990195135927845,,,,,9.219544457292887,,,8.246211251235321,,,,,2.8284271247461903,,,,,,,8.246211251235321,,,,,,,,,,2.942787793912431,,,
,,,10.198039027185569,,,,9.0,12.36931687685298,11.180339887498949,,,0.0,,,,,,,,6.708203932499369,,,9.848857801796104,,,,11.180339887498949,,,,7.280109889280518,,4.123105625617661,,,6.0,,,,,4.0,,,,,,,,,,,,,,1.0,,6.082762530298219,,,,,3.899241161130338,,,,,
,,,,,,8.246211251235321,,,,,,,0.0,,,,,7.615773105863909,,,,5.656854249492381,,,,,,,,,,,,,,,,,,,,,,6.708203932499369,,,,,,6.324555320336759,,,,,,14.142135623730951,,,,,,,,,5.864107357649655,,
,,,,,6.324555320336759,,,,,5.0,1.4142135623730951,,,0.0,,,,,,,,,,,,,,1.4142135623730951,,,,,,4.47213595499958,,,,,8.06225774829855,,,9.486832980505138,,,,,3.1622776601683795,,,,,,,7.0710678118654755,,,,,,,,,,2.4207436873820396,,,
,,,,,,,,,,,,,,,0.0,,,,8.94427190999916,,,,,,,,,,5.0,,,5.385164807134504,,,,,7.615773105863909,,,,,,,,,,,5.0,,,,,,,,,,2.0,,,,,,,,4.465285602310796,
,,,,2.0,,,,,,,,,,,,0.0,12.165525060596439,,,,,,,13.45362404707371,,1.0,,,,8.246211251235321,,,,,12.36931687685298,,,9.848857801796104,,10.44030650891055,,,10.63014581273465,,10.198039027185569,,,,8.94427190999916,,12.649110640673518,,2.23606797749979,,,,,,,,,,6.947690851158053,,,,
,,,,12.0,,,,,,,,,,,,12.165525060596439,0.0,,,,,,,12.36931687685298,,12.041594578792296,,,,5.656854249492381,,,,,5.0,,,13.601470508735444,,2.23606797749979,,,11.180339887498949,,4.47213595499958,,,,7.211102550927978,,2.0,,10.04987562112089,,,,,,,,,,6.501569669184918,,,,
,,,,,,5.0990195135927845,,,,,,,7.615773105863909,,,,,0.0,,,,7.615773105863909,,,,,,,,,,,,,,,,,,,,,,6.082762530298219,,,,,,5.830951894845301,,,,,,7.0710678118654755,,,,,,,,,2.9450754468697564,,
,,,,,,,,,,,,,,,8.94427190999916,,,,0.0,,,,,,,,,,8.06225774829855,,,6.708203932499369,,,,,7.0710678118654755,,,,,,,,,,,5.0,,,,,,,,,,7.211102550927978,,,,,,,,5.801125858356271,
,,,13.601470508735444,,,,4.242640687119285,17.4928556845359,16.1245154965971,,,6.708203932499369,,,,,,,,0.0,,,15.620499351813308,,,,14.560219778561036,,,,12.806248474865697,,8.602325267042627,,,6.708203932499369,,,,,3.605551275463989,,,,,,,,,,,,,,5.830951894845301,,12.165525060596439,,,,,8.745844494293696,,,,,
,9.899494936611665,3.0,,,,,,,,,,,,,,,,,,,0.0,,,,6.082762530298219,,,,,,,,,,,,,,,,,,,,,4.0,,,,,,3.605551275463989,,,,,,,11.180339887498949,9.899494936611665,5.706356105256663,,,,,,
,,,,,,4.47213595499958,,,,,,,5.656854249492381,,,,,7.615773105863909,,,,0.0,,,,,,,,,,,,,,,,,,,,,,2.23606797749979,,,,,,10.198039027185569,,,,,,11.661903789690601,,,,,,,,,4.670795064077662,,
,,,6.082762530298219,,,,15.811388300841896,3.1622776601683795,2.8284271247461903,,,9.848857801796104,,,,,,,,15.620499351813308,,,0.0,,,,6.324555320336759,,,,2.8284271247461903,,7.0710678118654755,,,15.524174696260024,,,,,12.041594578792296,,,,,,,,,,,,,,10.295630140987,,10.198039027185569,,,,,6.880911187881311,,,,,
,,,,15.0,,,,,,,,,,,,13.45362404707371,12.36931687685298,,,,,,,0.0,,14.212670403551895,,,,8.06225774829855,,,,,7.615773105863909,,,5.0990195135927845,,13.038404810405298,,,2.8284271247461903,,8.06225774829855,,,,6.082762530298219,,14.317821063276353,,13.038404810405298,,,,,,,,,,8.526369660754614,,,,
,6.082762530298219,3.1622776601683795,,,,,,,,,,,,,,,,,,,6.082762530298219,,,,0.0,,,,,,,,,,,,,,,,,,,,,2.23606797749979,,,,,,3.1622776601683795,,,,,,,5.656854249492381,6.082762530298219,2.0155644370746373,,,,,,
,,,,1.0,,,,,,,,,,,,1.0,12.041594578792296,,,,,,,14.212670403551895,,0.0,,,,8.54400374531753,,,,,12.649110640673518,,,10.770329614269007,,10.198039027185569,,,11.40175425099138,,10.44030650891055,,,,9.433981132056603,,12.36931687685298,,2.0,,,,,,,,,,7.269239075356779,,,,
,,,1.0,,,,13.038404810405298,5.0990195135927845,4.0,,,11.180339887498949,,,,,,,,14.560219778561036,,,6.324555320336759,,,,0.0,,,,5.656854249492381,,7.0710678118654755,,,17.11724276862369,,,,,11.180339887498949,,,,,,,,,,,,,,11.045361017187261,,14.422205101855956,,,,,7.284313590846835,,,,,
,,,,,5.830951894845301,,,,,6.082762530298219,2.8284271247461903,,,1.4142135623730951,,,,,,,,,,,,,,0.0,,,,,,4.242640687119285,,,,,7.0,,,10.770329614269007,,,,,4.0,,,,,,,6.0,,,,,,,,,,2.657066051117284,,,
,,,,,,,,,,,,,,,5.0,,,,8.06225774829855,,,,,,,,,,0.0,,,1.4142135623730951,,,,,3.0,,,,,,,,,,,3.1622776601683795,,,,,,,,,,3.605551275463989,,,,,,,,2.4660966430902955,
,,,,8.94427190999916,,,,,,,,,,,,8.246211251235321,5.656854249492381,,,,,,,8.06225774829855,,8.54400374531753,,,,0.0,,,,,4.123105625617661,,,8.06225774829855,,5.385164807134504,,,6.082762530298219,,2.0,,,,2.0,,7.211102550927978,,6.708203932499369,,,,,,,,,,1.303449113635332,,,,
,,,5.0,,,,13.038404810405298,5.0990195135927845,4.0,,,7.280109889280518,,,,,,,,12.806248474865697,,,2.8284271247461903,,,,5.656854249492381,,,,0.0,,4.242640687119285,,,13.152946437965905,,,,,9.219544457292887,,,,,,,,,,,,,,7.615773105863909,,8.94427190999916,,,,,4.060762972443398,,,,,
,,,,,,,,,,,,,,,5.385164807134504,,,,6.708203932499369,,,,,,,,,,1.4142135623730951,,,0.0,,,,,2.23606797749979,,,,,,,,,,,2.0,,,,,,,,,,3.605551275463989,,,,,,,,1.5386185163241437,
,,,6.082762530298219,,,,8.94427190999916,8.94427190999916,7.615773105863909,,,4.123105625617661,,,,,,,,8.602325267042627,,,7.0710678118654755,,,,7.0710678118654755,,,,4.242640687119285,,0.0,,,10.04987562112089,,,,,5.0,,,,,,,,,,,,,,4.0,,8.602325267042627,,,,,0.4517539514526257,,,,,
,,,,,2.0,,,,,5.0,5.0990195135927845,,,4.47213595499958,,,,,,,,,,,,,,4.242640687119285,,,,,,0.0,,,,,5.0,,,9.899494936611665,,,,,7.615773105863909,,,,,,,4.242640687119285,,,,,,,,,,2.158703314492292,,,
,,,,13.0,,,,,,,,,,,,12.36931687685298,5.0,,,,,,,7.615773105863909,,12.649110640673518,,,,4.123105625617661,,,,,0.0,,,10.0,,6.324555320336759,,,7.0710678118654755,,2.23606797749979,,,,4.123105625617661,,7.0,,10.770329614269007,,,,,,,,,,5.423399792208061,,,,
,,,16.1245154965971,,,,10.816653826391969,18.24828759089466,17.11724276862369,,,6.0,,,,,,,,6.708203932499369,,,15.524174696260024,,,,17.11724276862369,,,,13.152946437965905,,10.04987562112089,,,0.0,,,,,7.211102550927978,,,,,,,,,,,,,,6.082762530298219,,7.810249675906654,,,,,9.873692111787127,,,,,
,,,,,,,,,,,,,,,7.615773105863909,,,,7.0710678118654755,,,,,,,,,,3.0,,,2.23606797749979,,,,,0.0,,,,,,,,,,,3.605551275463989,,,,,,,,,,5.830951894845301,,,,,,,,3.536976686611413,
,,,,11.704699910719626,,,,,,,,,,,,9.848857801796104,13.601470508735444,,,,,,,5.0990195135927845,,10.770329614269007,,,,8.06225774829855,,,,,10.0,,,0.0,,13.416407864998739,,,3.1622776601683795,,9.219544457292887,,,,6.4031242374328485,,15.264337522473747,,10.198039027185569,,,,,,,,,,7.70800008472512,,,,
,,,,,3.605551275463989,,,,,10.0,9.219544457292887,,,8.06225774829855,,,,,,,,,,,,,,7.0,,,,,,5.0,,,,,0.0,,,14.866068747318506,,,,,11.0,,,,,,,1.0,,,,,,,,,,6.592419889539805,,,
,,,,10.04987562112089,,,,,,,,,,,,10.44030650891055,2.23606797749979,,,,,,,13.038404810405298,,10.198039027185569,,,,5.385164807134504,,,,,6.324555320336759,,,13.416407864998739,,0.0,,,11.40175425099138,,5.0,,,,7.280109889280518,,2.23606797749979,,8.246211251235321,,,,,,,,,,5.805082220936816,,,,
,,,10.198039027185569,,,,5.0,13.892443989449804,12.529964086141668,,,4.0,,,,,,,,3.605551275463989,,,12.041594578792296,,,,11.180339887498949,,,,9.219544457292887,,5.0,,,7.211102550927978,,,,,0.0,,,,,,,,,,,,,,3.0,,10.04987562112089,,,,,5.160683390910984,,,,,
,,,,,11.40175425099138,,,,,5.0,8.246211251235321,,,9.486832980505138,,,,,,,,,,,,,,10.770329614269007,,,,,,9.899494936611665,,,,,14.866068747318506,,,0.0,,,,,10.0,,,,,,,14.142135623730951,,,,,,,,,,8.958794561770015,,,
,,,,12.206555615733702,,,,,,,,,,,,10.63014581273465,11.180339887498949,,,,,,,2.8284271247461903,,11.40175425099138,,,,6.082762530298219,,,,,7.0710678118654755,,,3.1622776601683795,,11.40175425099138,,,0.0,,6.708203932499369,,,,4.123105625617661,,13.0,,10.295630140987,,,,,,,,,,6.220850391372289,,,,
,,,,,,2.23606797749979,,,,,,,6.708203932499369,,,,,6.082762530298219,,,,2.23606797749979,,,,,,,,,,,,,,,,,,,,,,0.0,,,,,,9.848857801796104,,,,,,9.433981132056603,,,,,,,,,3.288818409491812,,
,,,,10.770329614269007,,,,,,,,,,,,10.198039027185569,4.47213595499958,,,,,,,8.06225774829855,,10.44030650891055,,,,2.0,,,,,2.23606797749979,,,9.219544457292887,,5.0,,,6.708203932499369,,0.0,,,,2.8284271247461903,,6.324555320336759,,8.54400374531753,,,,,,,,,,3.292694449033173,,,,
,7.615773105863909,1.0,,,,,,,,,,,,,,,,,,,4.0,,,,2.23606797749979,,,,,,,,,,,,,,,,,,,,,0.0,,,,,,2.23606797749979,,,,,,,7.810249675906654,7.615773105863909,2.9261749776799064,,,,,,
,,,,,9.486832980505138,,,,,6.708203932499369,2.8284271247461903,,,3.1622776601683795,,,,,,,,,,,,,,4.0,,,,,,7.615773105863909,,,,,11.0,,,10.0,,,,,0.0,,,,,,,10.0,,,,,,,,,,5.500909015790025,,,
,,,,,,,,,,,,,,,5.0,,,,5.0,,,,,,,,,,3.1622776601683795,,,2.0,,,,,3.605551275463989,,,,,,,,,,,0.0,,,,,,,,,,3.0,,,,,,,,0.8081220356417685,
,,,,10.0,,,,,,,,,,,,8.94427190999916,7.211102550927978,,,,,,,6.082762530298219,,9.433981132056603,,,,2.0,,,,,4.123105625617661,,,6.4031242374328485,,7.280109889280518,,,4.123105625617661,,2.8284271247461903,,,,0.0,,8.94427190999916,,7.810249675906654,,,,,,,,,,2.5604926184192744,,,,
,,,,,,10.0,,,,,,,6.324555320336759,,,,,5.830951894845301,,,,10.198039027185569,,,,,,,,,,,,,,,,,,,,,,9.848857801796104,,,,,,0.0,,,,,,12.649110640673518,,,,,,,,,6.894244864007802,,
,,,,12.165525060596439,,,,,,,,,,,,12.649110640673518,2.0,,,,,,,14.317821063276353,,12.36931687685298,,,,7.211102550927978,,,,,7.0,,,15.264337522473747,,2.23606797749979,,,13.0,,6.324555320336759,,,,8.94427190999916,,0.0,,10.44030650891055,,,,,,,,,,7.8366616174313934,,,,
,6.4031242374328485,2.0,,,,,,,,,,,,,,,,,,,3.605551275463989,,,,3.1622776601683795,,,,,,,,,,,,,,,,,,,,,2.23606797749979,,,,,,0.0,,,,,,,7.615773105863909,6.4031242374328485,2.1360009363293826,,,,,,
,,,,2.23606797749979,,,,,,,,,,,,2.23606797749979,10.04987562112089,,,,,,,13.038404810405298,,2.0,,,,6.708203932499369,,,,,10.770329614269007,,,10.198039027185569,,8.246211251235321,,,10.295630140987,,8.54400374531753,,,,7.810249675906654,,10.44030650891055,,0.0,,,,,,,,,,5.47582814536313,,,,
,,,,,3.1622776601683795,,,,,9.219544457292887,8.246211251235321,,,7.0710678118654755,,,,,,,,,,,,,,6.0,,,,,,4.242640687119285,,,,,1.0,,,14.142135623730951,,,,,10.0,,,,,,,0.0,,,,,,,,,,5.679788728465172,,,
,,,10.04987562112089,,,,8.0,12.649110640673518,11.40175425099138,,,1.0,,,,,,,,5.830951894845301,,,10.295630140987,,,,11.045361017187261,,,,7.615773105863909,,4.0,,,6.082762530298219,,,,,3.0,,,,,,,,,,,,,,0.0,,7.0710678118654755,,,,,3.8808793449160364,,,,,
,,,,,,7.211102550927978,,,,,,,14.142135623730951,,,,,7.0710678118654755,,,,11.661903789690601,,,,,,,,,,,,,,,,,,,,,,9.433981132056603,,,,,,12.649110640673518,,,,,,0.0,,,,,,,,,8.321351930977542,,
,,,13.601470508735444,,,,15.033296378372908,13.341664064126334,12.649110640673518,,,6.082762530298219,,,,,,,,12.165525060596439,,,10.198039027185569,,,,14.422205101855956,,,,8.94427190999916,,8.602325267042627,,,7.810249675906654,,,,,10.04987562112089,,,,,,,,,,,,,,7.0710678118654755,,0.0,,,,,8.171628369185767,,,,,
,,,,,,,,,,,,,,,2.0,,,,7.211102550927978,,,,,,,,,,3.605551275463989,,,3.605551275463989,,,,,5.830951894845301,,,,,,,,,,,3.0,,,,,,,,,,0.0,,,,,,,,2.494892742367569,
,3.605551275463989,8.602325267042627,,,,,,,,,,,,,,,,,,,11.180339887498949,,,,5.656854249492381,,,,,,,,,,,,,,,,,,,,,7.810249675906654,,,,,,7.615773105863909,,,,,,,0.0,3.605551275463989,5.482928049865327,,,,,,
,0.0,8.06225774829855,,,,,,,,,,,,,,,,,,,9.899494936611665,,,,6.082762530298219,,,,,,,,,,,,,,,,,,,,,7.615773105863909,,,,,,6.4031242374328485,,,,,,,3.605551275463989,0.0,4.697073557013984,,,,,,
17.001838135919304,4.697073557013984,3.400367627183861,,,,,,,,,,,,,,,,,,,5.706356105256663,,,,2.0155644370746373,,,,,,,,,,,,,,,,,,,,,2.9261749776799064,,,,,,2.1360009363293826,,,,,,,5.482928049865327,4.697073557013984,0.0,20.159599171995215,33.72542567166045,23.855240514402702,18.397017559975335,9.531968231553593,17.001838135919304
11.78030178747903,,,6.306782872755461,,,,9.269216112861907,8.891637896911677,7.5916172889065265,,,3.899241161130338,,,,,,,,8.745844494293696,,,6.880911187881311,,,,7.284313590846835,,,,4.060762972443398,,0.4517539514526257,,,9.873692111787127,,,,,5.160683390910984,,,,,,,,,,,,,,3.8808793449160364,,8.171628369185767,,,,20.159599171995215,0.0,18.59407959320298,26.32665290273765,15.885431652161996,21.90144902484206,11.78030178747903
17.01215051973508,,,,7.7080000847251195,,,,,,,,,,,,6.947690851158053,6.501569669184918,,,,,,,8.526369660754614,,7.269239075356779,,,,1.303449113635332,,,,,5.423399792208061,,,7.70800008472512,,5.805082220936816,,,6.220850391372289,,3.292694449033173,,,,2.5604926184192744,,7.8366616174313934,,5.47582814536313,,,,,,,,33.72542567166045,18.59407959320298,0.0,23.72224049025621,17.63649393636238,29.975925714629394,17.01215051973508
14.569145479402698,,,,,4.130375285612678,,,,,3.9824615503479746,2.942787793912431,,,2.4207436873820396,,,,,,,,,,,,,,2.657066051117284,,,,,,2.158703314492292,,,,,6.592419889539805,,,8.958794561770015,,,,,5.500909015790025,,,,,,,5.679788728465172,,,,,,,23.855240514402702,26.32665290273765,23.72224049025621,0.0,10.441225199825423,14.816937357398162,14.569145479402698
4.152697672499609,,,,,,3.133101742780187,,,,,,,5.864107357649655,,,,,2.9450754468697564,,,,4.670795064077662,,,,,,,,,,,,,,,,,,,,,,3.288818409491812,,,,,,6.894244864007802,,,,,,8.321351930977542,,,,,18.397017559975335,15.885431652161996,17.63649393636238,10.441225199825423,0.0,12.516927314151628,4.152697672499609
13.376799897965284,,,,,,,,,,,,,,,4.465285602310796,,,,5.801125858356271,,,,,,,,,,2.4660966430902955,,,1.5386185163241437,,,,,3.536976686611413,,,,,,,,,,,0.8081220356417685,,,,,,,,,,2.494892742367569,,,9.531968231553593,21.90144902484206,29.975925714629394,14.816937357398162,12.516927314151628,0.0,13.376799897965284
0.0,,,,,,,,,,,,,,,,,,,,,,,,,,,,,,,,,,,,,,,,,,,,,,,,,,,,,,,,,,,,,17.001838135919304,11.78030178747903,17.01215051973508,14.569145479402698,4.152697672499609,13.376799897965284,0.0
