region_id,node_id
101,1
101,6
101,8
101,9
101,16
101,18
101,27
101,29
101,30
101,35
101,42
101,61
101,70
102,2
102,12
102,13
102,23
102,37
102,52
102,55
102,85
102,90
103,3
103,43
103,50
103,71
103,74
103,78
103,83
103,95
103,99
104,4
104,5
104,20
104,38
104,47
104,60
105,7
105,14
105,26
105,32
105,33
105,41
105,56
105,68
105,87
105,92
106,10
106,34
106,53
106,64
106,65
106,66
106,69
106,77
107,11
107,36
107,39
107,44
107,48
107,54
107,57
107,59
107,73
107,86
107,97
107,100
108,15
108,17
108,19
108,21
108,40
108,51
108,58
108,75
108,76
108,80
108,84
108,94
108,96
108,98
109,22
109,28
109,31
109,45
109,62
109,67
109,79
109,81
109,82
109,88
109,89
109,93
110,24
110,25
110,46
110,49
110,63
110,72
110,91
