regular_demand,electric_demand
15.0,1.0
32.0,27.0
12.0,21.0
34.0,22.0
26.0,4.0
20.0,27.0
30.0,22.0
5.0,10.0
19.0,31.0
24.0,28.0
31.0,2.0
23.0,28.0
10.0,18.0
13.0,20.0
9.0,10.0
20.0,11.0
32.0,29.0
24.0,17.0
30.0,20.0
14.0,27.0
7.0,18.0
31.0,35.0
23.0,8.0
6.0,14.0
19.0,8.0
7.0,3.0
7.0,15.0
11.0,10.0
12.0,24.0
12.0,5.0
24.0,4.0
18.0,0.0
1.0,22.0
7.0,3.0
23.0,22.0
5.0,28.0
5.0,26.0
5.0,4.0
26.0,27.0
17.0,4.0
34.0,7.0
18.0,6.0
20.0,4.0
28.0,21.0
0.0,17.0
9.0,35.0
3.0,34.0
27.0,26.0
25.0,27.0
11.0,6.0
19.0,24.0
24.0,19.0
13.0,35.0
0.0,2.0
21.0,35.0
9.0,24.0
8.0,28.0
2.0,20.0
26.0,14.0
33.0,12.0
9.0,14.0
4.0,1.0
33.0,12.0
9.0,24.0
24.0,17.0
2.0,24.0
31.0,16.0
27.0,25.0
35.0,1.0
26.0,14.0
2.0,33.0
3.0,25.0
12.0,24.0
14.0,5.0
28.0,23.0
33.0,14.0
22.0,27.0
19.0,23.0
31.0,23.0
28.0,20.0
21.0,12.0
32.0,16.0
18.0,25.0
22.0,14.0
20.0,24.0
23.0,15.0
26.0,25.0
24.0,13.0
29.0,4.0
5.0,30.0
13.0,29.0
24.0,8.0
26.0,12.0
0.0,6.0
3.0,30.0
13.0,23.0
21.0,15.0
14.0,20.0
35.0,15.0
33.0,9.0
34.0,13.0
15.0,29.0
5.0,25.0
1.0,34.0
19.0,29.0
10.0,11.0
10.0,13.0
34.0,8.0
20.0,32.0
31.0,3.0
21.0,3.0
3.0,31.0
5.0,7.0
4.0,11.0
10.0,25.0
1.0,26.0
4.0,2.0
27.0,5.0
4.0,22.0
9.0,34.0
