region_id,x_coord,y_coord
601,1.6,10.9
602,9.076923076923077,20.615384615384617
603,10.533333333333333,12.666666666666666
604,29.5,2.1
605,32.5,30.625
606,2.1666666666666665,34.166666666666664
607,18.4,7.1
608,33.214285714285715,13.928571428571429
609,30.09090909090909,7.181818181818182
610,20.333333333333332,10.25
611,6.5,24.166666666666668
612,33.7,6.3
613,17.857142857142858,2.2857142857142856
614,14.214285714285714,16.785714285714285
615,5.071428571428571,32.5
616,6.375,27.25
617,16.444444444444443,34.111111111111114
618,29.727272727272727,18.636363636363637
619,9.666666666666666,33.333333333333336
620,11.9,25.4
621,27.75,11.5
622,2.5,21.5
623,24.545454545454547,30.363636363636363
624,34.0,2.2
625,23.22222222222222,22.444444444444443
626,33.5,20.125
627,1.6666666666666667,16.916666666666668
628,24.272727272727273,7.2727272727272725
629,2.6,25.3
630,7.230769230769231,2.6923076923076925
631,30.46153846153846,24.076923076923077
632,4.909090909090909,11.454545454545455
633,19.285714285714285,24.142857142857142
634,24.923076923076923,15.846153846153847
635,33.166666666666664,28.166666666666668
636,1.5714285714285714,3.4285714285714284
637,11.125,29.25
638,33.833333333333336,24.166666666666668
639,15.461538461538462,21.307692307692307
640,13.3125,33.0625
641,15.125,27.75
642,32.875,10.125
643,19.214285714285715,14.571428571428571
644,21.533333333333335,32.93333333333333
645,6.714285714285714,14.571428571428571
646,28.0,33.1
647,15.555555555555555,9.88888888888889
648,6.0,18.8
649,23.285714285714285,2.142857142857143
650,12.5,3.8333333333333335
651,27.46153846153846,28.153846153846153
652,18.933333333333334,18.666666666666668
653,8.88888888888889,7.888888888888889
654,18.0,28.2
655,26.8,19.1
656,23.125,26.25
657,4.625,6.125
658,14.166666666666666,12.833333333333334
659,2.5,29.875
660,34.2,34.2
